<!DOCTYPE html [ <!-- General Punctuation --> <!ENTITY apos    "&#39;" ><!-- apostrophe, U+0027 ISOnum --><!ENTITY quot    "&#34;" ><!-- quotation mark = APL quote, U+0022 ISOnum --><!ENTITY ensp    "&#8194;" ><!-- en space, U+2002 ISOpub --><!ENTITY emsp    "&#8195;" ><!-- em space, U+2003 ISOpub --><!ENTITY thinsp  "&#8201;" ><!-- thin space, U+2009 ISOpub --><!ENTITY zwnj    "&#8204;" ><!-- zero width non-joiner, U+200C NEW RFC 2070 --><!ENTITY zwj     "&#8205;" ><!-- zero width joiner, U+200D NEW RFC 2070 --><!ENTITY lrm     "&#8206;" ><!-- left-to-right mark, U+200E NEW RFC 2070 --><!ENTITY rlm     "&#8207;" ><!-- right-to-left mark, U+200F NEW RFC 2070 --><!ENTITY ndash   "&#8211;" ><!-- en dash, U+2013 ISOpub --><!ENTITY mdash   "&#8212;" ><!-- em dash, U+2014 ISOpub --><!ENTITY lsquo   "&#8216;" ><!-- left single quotation mark, U+2018 ISOnum --><!ENTITY rsquo   "&#8217;" ><!-- right single quotation mark, U+2019 ISOnum --><!ENTITY sbquo   "&#8218;" ><!-- single low-9 quotation mark, U+201A NEW --><!ENTITY ldquo   "&#8220;" ><!-- left double quotation mark, U+201C ISOnum --><!ENTITY rdquo   "&#8221;" ><!-- right double quotation mark, U+201D ISOnum --><!ENTITY bdquo   "&#8222;" ><!-- double low-9 quotation mark, U+201E NEW --><!ENTITY dagger  "&#8224;" ><!-- dagger, U+2020 ISOpub --><!ENTITY Dagger  "&#8225;" ><!-- double dagger, U+2021 ISOpub --><!ENTITY permil  "&#8240;" ><!-- per mille sign, U+2030 ISOtech -->] >
<data><h1>Keeping in Touch: <span class="small-in-header">Comments from Area leaders</span></h1>
<p>Dear Colleagues and Partners serving Asia,</p>
<p>Last month when I met with the East Himalayan Group (EHG), a small group
  of SIL folks working in a small country in Asia, they asked what is presently
  going on in the SIL world. Quite a question! Some things we talked about
  were:</p>
<div class="float-right width-michel">
  <p>
    <img src="img/michel.jpg" alt="Michel" />
  </p>
</div>
<ul>
  <li>A new executive director, Dr Michel Kenmogne, is preparing to lead us.
    I am excited about this as his personal story is so touching and his academic
    accomplishments are impressive. Be sure to watch <a href="https://vimeo.com/121541268">Michel’s intro</a> (Password:
    Joining God).</li>
  <li>Our attempts to create a movement rather than build up SIL-centric programs
    have, in a sense, been successful. The growing number of agencies involved
    in Bible translation is a great blessing, but it also challenges us to
    reflect on how to stay relevant. Michel is currently facilitating a reflection
    process based on our historic roots (see Video File).</li>
  <li>Small donors and big funders alike, hardly anyone wants to donate money
    to a general fund anymore. Funders have become investors. Individuals want
    to make an impact. In view of this, all our costs need to link to specific
    language projects.</li>
  <li>As local ownership increases, SIL is positioning itself in a service role.
    This approach resonated with the EHG folks, whose previous work is now
    owned and managed by a local organization while the EHG team provides training,
    consulting, and mentoring.</li>
  <li>The strong emphasis on Bible translation by some of our primary funders
    makes us aware that some SIL work will need funding from alternative streams
    of income. (See papers on Common Framework.)</li>
  <li>Wycliffe Organizations are increasingly eager to know SIL cares well for
    their staff. I, therefore, affirmed EHG in their creative ways of providing
    care and accountability: They reviewed each other’s plans and PRDs and
    paired off to do their annual reviews. Their Wycliffe Organizations will
    be pleased to read the write-ups!</li>
  <li>The desire to serve better even as funding is decreasing is prompting
    SIL on the Asia level to review their structures and overhead costs. Two
    task forces have been initiated to look at increasing the efficiency and
    effectiveness of Asia Shared Services and structures.</li>
</ul>
<div class="float-left pic-kvr">
  <p>
    <img src="img/karsten.jpg" alt="Karsten van Riesen" />
  </p>
</div>
<p class="beside-kvr">“Wow, I did not know all that!” exclaimed one of the EHG folks after the
  talk.</p>
<p>It is so good to see how the Lord is working in Asia and how we are getting
  space to join Him in that. Let us listen carefully to where He is guiding
  us.</p>
<p>Karsten van Riezen, <a href="mailto:area-director_southasia@sil.org">Area Director South Asia</a> for
  the Asia Leadership Team:
  <br/>Curtis Wong, <a href="mailto:area-director_mainlandasia@sil.org">Area Director Mainland Asia</a>
  <br/>Jaap Feenstra, <a href="mailto:area-director_islandsasia@sil.org">Area Director Islands Asia</a> 
  <br/>Donald Hultstrom, <a href="mailto:donald_hultstrom@sil.org">Asia Operations Coordinator</a> 
  <br/>Sue McQuay, <a href="mailto:sue_mcquay@sil.org">Asia Language Program Services Coordinator</a> ~~~</p>

<h1>Prayer and Mission of God Consultation</h1>
<p>What is the place of prayer in God’s mission for the world? How important
  is prayer to SIL and its primary partners in the worldwide Bible translation
  movement? We are used to discussing missiological change, Bible translation
  theory and practice, new strategies, funding, and other aspects of the
  work within and across organizations. But all things are only possible
  and fruitful if God is with us: Unless the Lord builds the house the labourers
  work in vain. Psalm 127:1</p>
<p>About forty representatives of organizations involved in Bible translation
  ministry are gathering in late September to reflect on the topic of prayer
  and the Mission of God. The event is being co-hosted by Wycliffe Canada,
  Wycliffe Global Alliance (WGA), and SIL International. Pray that the Lord
  will use this event to grow our understanding of continually leaning on
  Him in all we do and how to encourage prayer throughout our organizations.
  Pam Blakely and Melinda Lyons are attending on behalf of SIL Asia.</p>

<h1>SIL Executive Limitations</h1>
<p>The way that the SIL International Board holds leaders accountable to
  SIL policies is through the boundaries set by what are called &ldquo;Executive
  Limitations.&rdquo; An annual review of the Executive Limitations is underway.
  The director of each SIL operational unit writes a response to each Executive
  Limitation and selected staff and the Area Director review the responses.
  If you would like to know more about Executive Limitations, follow this
  Insite wiki link.</p>

<h1 id="lk4">Staff Transitions</h1>
<div class="float-right width-jean">
  <p>
    <img src="img/jeanAsbel.jpg" alt="Asia Acounting changes" />
  </p>
</div>

<h2>Changes in Asia Funding Management Services</h2>
<p>Jean Azbell is returning to the United States to take up a new position
  and to be near family. She is training her replacement, Mae Esmaquilan,
  who has been working with the Asia Accounting Service. For more on this
  transition, follow this link.
<a href="mailto:bonnie_falk@sil.org">bonnie_falk@sil.org</a>,
  Funding Management Services Coordinator</p>

<h2>New Global Appointment</h2>
<p class="float-left pic-young">
  <img src="img/catherineyoung.jpg" alt="Dr. Catherine Young" />
</p>
<p>I am pleased to announce Dr. Catherine Young as the new SIL Global Language
  and Development Services director, effective 1 August 2015. Catherine is
  responsible for leading a team of international coordinators for linguistics,
  sociolinguistics, literacy and education, language assessment, language
  and culture documentation, dictionary and lexicography services, and orthography
  services. She succeeds Carl Grove, who finished his time with SIL at the
  end of July. Catherine continues to serve as a senior literacy and education
  consultant, and as the MA Literacy Programme Development course leader
  at the Centre for Linguistics, Translation and Literacy, Redcliffe College,
  Gloucester, UK.
  <br/>
<a href="mailto:chip_sanders@sil.org">chip_sanders@sil.org</a>, SIL Global
  Director of Language Program Services</p>

<h1 id="lk5">Heads up on Services</h1>
<h2>LEAD Asia News</h2>
<p>The Advocating for Multilingual Education community of practice event
  will be held in Bangkok, Thailand, September 2-5. It will bring together
  those working in mother tongue-based multilingual education (MTB-MLE) to
  discuss involving and motivating community members, school staff, and decision-makers
  to support MTB-MLE. To access resources from the event, visit the online
  CoP site. You can find out more about the CoP event here, and about the
  LEAD Asia team more broadly here.</p>
<p class="print-break-before">## Participatory Methods for Engaging Communities (PMEC) workshops</p>
<p>The PMEC workshop equips Bible translators and other language development
  workers to facilitate discussions with groups of people within a language
  community so that they describe, analyze, and plan for the development
  of their own language. These methods help to affirm the language community
  and increase their ownership of the work. During a PMEC workshop, participants
  grow in their understanding of what participatory methods are and why they
  are useful, practice basic facilitation skills, and develop plans for using
  these methods. Methods taught are being used by translators, literacy workers,
  language assessors, and others throughout the world. To discuss further,
  contact <a href="mailto:ian_lau@sil.org">ian_lau@sil.org</a>, Participatory
  Approaches Consultant.</p>

<h2>Training News</h2>
<p>SIL Asia Training Services hosted a meeting for the directors of formal
  training programs in early August in Bangkok. Following the theme “Listening,”
  participants began the meetings with a half-day retreat listening to God.
  Reports of training highlights included: New Life Computer Institute, the
  Institute of Languages and Linguistics, and Serampore College (all from
  India; Asia Research Institute of Languages and Cultures (Korea); Payap
  University Linguistics Department (Thailand); and the Community Development─Language
  Development program (Philippines). They examined existing training resources
  and teaching strategy options, and reflected on the current context and
  future of training programs in Asia.
  <br/>Josephine and James Daguman, <a href="mailto:training-directors_asia@sil.org">training-directors_asia@sil.org</a>
</p>

<h2>Human Resources News</h2>
<p>The Healing the Wounds of Trauma, How the Church Can Help workshop is
  an excellent Bible study in the areas of trauma and the theology of suffering.
  Participants are encouraged to encounter God personally as they search
  the Scriptures and discuss scriptural principles with others during the
  training. The goals for participants include:</p>
<ul>
  <li>learn basic biblical and mental health principles related to trauma care</li>
  <li>explore their own trauma and bring it to Christ for healing</li>
  <li>learn how to lead groups in a participatory way</li>
  <li>understand the trauma healing program model</li>
  <li>develop plans for using what they have learned in their community</li>
  <li>learn how to report on their activities.</li>
</ul>
<p>Read here about two recent Equipping Sessions in Indonesia, where individuals
  were trained in how to conduct healing groups with traumatized individuals:</p>
<ul>
  <li>July 10-15, 2015 – LAI in Jakarta</li>
  <li>July 20-24, 2015 – Haria, Saparua Island</li>
</ul>

<h2>Information Technology Corner</h2>
<p>Teamwork Many of you have asked about the future of Teamwork. It is still
  under active development and there is a strong commitment to continue meeting
  the needs of those actively using Teamwork. For more details, see this
  July 2015 update.</p>
<p><strong>Google e-mail</strong> Thank you for your cooperation with the
  Google Apps migrations. We are finishing off the remaining email migrations
  (for Wycliffe entities) and removing cross-domain aliases.</p>
<p><strong>Insite Information Center</strong> August 10-21, Esther Campbell
  and Loren Rothmann (from SIL’s Global Technology &amp; Information Services)
  are visiting the Philippines, Singapore, Malaysia, and Nepal to assist
  with migrating Insite Information Centers (which will be closed in 2016),
  conduct training, and to better understand the IT challenges you face.</p>
<p><strong>Windows 10</strong> Windows 10 has recently released. Support will
  be limited for the first few months as Asia IT staff learn to use it. For
  more information click here.</p>
<p><strong>TechSoup Asia</strong> Recently SIL Philippines was approved to
  purchase discounted MS Office products through TechSoupAsia. Currently
  the TechSoup program is available in Singapore, Malaysia, Philippines,
  Thailand, Indonesia, and Vietnam. Each country has its own eligibility
  criteria. See more information on their website.</p>
<p><strong>Any Cyber Incidents to Report?</strong> Have you or anyone you
  know experienced data exposure, data corruption, data loss, or a service
  disruption within the last month? Please report such incidents and any
  remediation to CyberSecurity - Central Registry of Incidents.</p>
<p><a href="mailto:jaco_devisser@sil.org">jaco_devisser@sil.org</a>, SIL
  Asia IT team</p>

<h1 id="lk6">Workshops</h1>
<h2>BT 2015 Conference update</h2>
<p>The 8th Biennial Bible Translation Conference will be held October 16-20,
  in Dallas, Texas, USA. More than ninety scholars will present papers and
  presentations supporting the theme Bible Translation and Transformation.
  Pre- and post-conference events include: ParaTExt training, Participatory
  Methods for Engaging Communities (PMEC), The Abraham 2015 conference, and
  three events by OneStory Partnership. See the website for more details
  and registration information.</p>

<h2>Academic Writing and Editing (AWE) Workshop</h2>
<p>Can’t find time to focus on writing an academic paper? An AWE workshop
  will be held November 4-17 in Chiang Mai, Thailand. Costs: Registration
  $250, airfare, lodging, food.</p>
<p>You will learn to organize and write an academic paper and submit for
  publishing. Bring a rough draft of a paper to be polished or a good idea
  with sufficient data for a paper to be written. Domain-specific consultants
  will be available for one-on-one consultation. Contact <a href="mailto:mike_cahill@sil.org">mike_cahill@sil.org</a>
</p>
<p>Do you love to help others polish their academic writing? Join other editors
  to learn more together about academic editing. Contact <a href="mailto:sue_mcquay@sil.org">sue_mcquay@sil.org</a>
</p>

<h1 id="lk7">Research and Resources</h1>
<h2>CMOS Online</h2>
<p>Are you using Chicago Manual of Style (CMOS) when writing or editing?
  SIL's Global Publishing Services (GPS) has a group subscription with CMOS
  Online. Anyone with an sil.org email address can have full access to the
  well-known US-English academic style guide. Note: Free limited access to
  the style guide is also available online without registration. To register,
  follow these instructions.
  <br/>
<a href="mailto:sue_mcquay@sil.org">sue_mcquay@sil.org</a>, Asia Academic
  Publishing Coordinator</p>

<h2>New Release of the Guide</h2>
<p>Many language communities across Asia face rapid changes as their patterns
  of language use shift to include a language of wider communication. A Guide
  for Planning the Future of Our Language is a community-based language planning
  tool that helps raise awareness about the causes of local language loss
  and helps communities discuss and plan what level of language vitality
  they would like to maintain in the future.</p>
<div class="float-right">
  <p>
    <img src="img/egidsslope.jpg" alt="Egids language vialiety slope" />
  </p>
</div>
<p>This second beta version of the Guide incorporates feedback from workshops
  and community events in Asia, the Pacific, West Africa, and South America.
  The new release also uses more visual references and participatory discussion
  tools to get community members talking about their current language use
  and future goals. The tool is based on the Sustainable Use Model (SUM)
  as described in the book Sustainable language use: Perspectives on community-based
  language development (see next article). The Guide can be downloaded from
  Insite. Contact <a href="mailto:gpfol_intl@sil.org">gpfol_intl@sil.org</a> with
  questions about the Guide.</p>

<h2>Book on Sustainable Use Model</h2>
<p>Many of you have heard of the language vitality scale EGIDS. It comes
  out of the Sustainable Use Model (SUM), a solid theoretic framework that
  seeks to address sociolinguistic realities of diglossia and multilingualism.
  SUM may be one the most important (socio)linguistic theories we within
  SIL have developed. The tool A Guide for Planning the Future of Our Language
  is a practical application of that theory. Recently a book came out that
  describes the SUM model: Sustainable Language Use: Perspectives on Community-Based
  Language Development, by M. Paul Lewis and Gary F. Simons. The digital
  version it can be bought and downloaded here. (You will see an “Embargo”
  message. Ignore it. We are happy to release the book within SIL and partners.)
  Recommended as highly relevant!</p>

<h2>Ethnologue:  Languages of Asia</h2>
<p>Ethnologue® 18th edition is now published in three print volumes, available
  on Amazon. Each volume is self-contained. Read more here.</p>
<ul>
  <li>Ethnologue: Languages of the Americas and the Pacific</li>
  <li>Ethnologue: Languages of Africa and Europe</li>
  <li>Ethnologue: Languages of Asia</li>
</ul>
<p>The Languages of Asia volume includes:</p>
<ul>
  <li>2,349 language descriptions organized by country</li>
  <li>16,547 primary names, alternate names, and dialect names</li>
  <li>52 country overviews with graphical language vitality profiles</li>
  <li>72 color maps showing location and distribution of languages.</li>
</ul>

<h2>Three new SIL e-Books for free download</h2>
<p><em>Ma Manda Phonology</em> by Ryan Pennington presents a phonological
  description of Ma Manda, a Finisterre-Huon language of the Trans-New Guinea
  family in Papua New Guinea. SIL e-Books 64. 220 pages, including audio
  and video files.</p>
<p><em>Luang Grammar and Phonology Sketch</em> by Kathy Taber and Mark Taber
  is a descriptive phonology and grammar of Luang, an Austronesian language
  spoken in the Maluku province of Indonesia. SIL e-Books 63. 204 pages.</p>
<p><em>Phonological and Phonetic Aspects of Enggano Vowels</em> by Brendon
  Yoder studies vowels in Enggano, an isolate Austronesian language located
  in a large area of related languages in Indonesia. SIL e-Books 62. 163
  pages.</p>
<p>These books are available for free download on SIL e-Books.</p>
<p class="next-edition"><span>Next edition, October 2015.</span>
</p>

</data>